<?xml version="1.0" encoding="utf-8"?>
<metadata>
	<layout title="COM_CONTENT_CATEGORIES_VIEW_DEFAULT_TITLE">
		<help
			key = "JHELP_MENUS_MENU_ITEM_ARTICLE_CATEGORIES"
		/>
		<message>
			<![CDATA[COM_CONTENT_CATEGORIES_VIEW_DEFAULT_DESC]]>
		</message>
	</layout>

	<!-- Add fields to the request variables for the layout. -->
	<fields name="request">
		<fieldset name="request"
		 >
			<field name="id" type="category"
				description="JGLOBAL_FIELD_CATEGORIES_CHOOSE_CATEGORY_DESC"
				extension="com_content"
				label="JGLOBAL_FIELD_CATEGORIES_CHOOSE_CATEGORY_LABEL"
				show_root="true"
				required="true"
			/>
		</fieldset>
	</fields>

	<!-- Add fields to the parameters object for the layout. -->
<fields name="params">
<fieldset name="basic">
			<field name="show_base_description" type="radio"
				label="JGLOBAL_FIELD_SHOW_BASE_DESCRIPTION_LABEL"
				description="JGLOBAL_FIELD_SHOW_BASE_DESCRIPTION_DESC"
			>
				<option value="">JGLOBAL_USE_GLOBAL</option>
				<option value="0">JHIDE</option>
				<option value="1">JSHOW</option>
			</field>
			<field name="categories_description" type="textarea"
				description="JGLOBAL_FIELD_CATEGORIES_DESC_DESC"
				label="JGLOBAL_FIELD_CATEGORIES_DESC_LABEL"
				cols="25"
				rows="5"
			/>
			<field name="maxLevel" type="list"
				description="JGLOBAL_MAXIMUM_CATEGORY_LEVELS_DESC"
				label="JGLOBAL_MAXIMUM_CATEGORY_LEVELS_LABEL"
			>
				<option value="-1">JALL</option>
				<option value="0">JNONE</option>
				<option value="1">J1</option>
				<option value="2">J2</option>
				<option value="3">J3</option>
				<option value="4">J4</option>
				<option value="5">J5</option>
			</field>

			<field name="show_empty_categories" type="radio"
				label="JGLOBAL_SHOW_EMPTY_CATEGORIES_LABEL"
				description="JGLOBAL_SHOW_EMPTY_CATEGORIES_DESC"
			>
				<option value="">JGLOBAL_USE_GLOBAL</option>
				<option value="0">JHIDE</option>
				<option value="1">JSHOW</option>
			</field>
			<field name="show_description" type="list"
				description="JGLOBAL_SHOW_CATEGORY_DESCRIPTION_DESC"
				label="JGLOBAL_SHOW_CATEGORY_DESCRIPTION_LABEL"
			>
				<option value="">JGLOBAL_USE_GLOBAL</option>
				<option value="0">JHIDE</option>
				<option value="1">JSHOW</option>
			</field>

			<field name="show_description_image" type="list"
				description="JGLOBAL_SHOW_CATEGORY_IMAGE_DESC"
				label="JGLOBAL_SHOW_CATEGORY_IMAGE_LABEL"
			>
				<option value="">JGLOBAL_USE_GLOBAL</option>
				<option value="0">JHIDE</option>
				<option value="1">JSHOW</option>
			</field>
			<field name="show_cat_num_articles" type="radio"
				label="JGLOBAL_FIELD_NUM_CATEGORY_ITEMS_LABEL"
				description="JGLOBAL_FIELD_NUM_CATEGORY_ITEMS_DESC"
			>
				<option value="">JGLOBAL_USE_GLOBAL</option>
				<option value="0">JHIDE</option>
				<option value="1">JSHOW</option>
			</field>
</fieldset>
<fieldset name="advanced">
			<field name="display_num" type="list"
				description="JGLOBAL_NUMBER_ITEMS_LIST_DESC"
				label="JGLOBAL_NUMBER_ITEMS_LIST_LABEL"
			>
				<option value="">JGLOBAL_USE_GLOBAL</option>
				<option value="5">J5</option>
				<option value="10">J10</option>
				<option value="15">J15</option>
				<option value="20">J20</option>
				<option value="25">J25</option>
				<option value="30">J30</option>
				<option value="50">J50</option>
				<option value="100">J100</option>
				<option value="0">JALL</option>
			</field>
			<field name="category_layout" type="componentlayout"
				description="JGLOBAL_CATEGORY_LAYOUT_Desc"
				label="JGLOBAL_CATEGORY_LAYOUT_Label"
				extension="com_content"
				view="category"
			/>

			<field name="show_headings" type="list"
				description="JGLOBAL_SHOW_HEADINGS_DESC"
				label="JGLOBAL_SHOW_HEADINGS_LABEL"
			>
				<option value="">JGLOBAL_USE_GLOBAL</option>
				<option value="0">JHIDE</option>
				<option value="1">JSHOW</option>
			</field>

			<field name="show_date" type="list"
				description="JGLOBAL_SHOW_DATE_DESC"
				label="JGLOBAL_SHOW_DATE_LABEL"
			>
				<option value="">JGLOBAL_USE_GLOBAL</option>
				<option value="hide">JHIDE</option>
				<option value="modified">JGLOBAL_CREATED</option>
				<option value="modified">JGLOBAL_MODIFIED</option>
				<option value="published">JPUBLISHED</option>
			</field>

			<field name="date_format" type="text"
				description="JGLOBAL_DATE_FORMAT_DESC"
				label="JGLOBAL_DATE_FORMAT_LABEL"
				size="15"
			/>

			<field name="filter_field" type="list"
				description="JGLOBAL_FILTER_FIELD_DESC"
				label="JGLOBAL_FILTER_FIELD_LABEL"
			>
				<option value="">JGLOBAL_USE_GLOBAL</option>
				<option value="hide">JHIDE</option>
				<option value="title">JGLOBAL_TITLE</option>
				<option value="author">JAUTHOR</option>
				<option value="hits">JGLOBAL_HITS</option>
			</field>

			<field name="num_leading_articles" type="text"
				default="1"
				description="JGLOBAL_NUM_LEADING_ARTICLES_DESC"
				label="JGLOBAL_NUM_LEADING_ARTICLES_LABEL"
				size="3"
			/>

			<field name="num_intro_articles" type="text"
				default="4"
				description="JGLOBAL_NUM_INTRO_ARTICLES_DESC"
				label="JGLOBAL_NUM_INTRO_ARTICLES_LABEL"
				size="3"
			/>

			<field name="num_columns" type="text"
				default="2"
				description="JGLOBAL_NUM_COLUMNS_DESC"
				label="JGLOBAL_NUM_COLUMNS_LABEL"
				size="3"
			/>

			<field name="num_links" type="text"
				default="4"
				description="JGLOBAL_NUM_LINKS_DESC"
				label="JGLOBAL_NUM_LINKS_LABEL"
				size="3"
			/>

			<field name="multi_column_order" type="list"
				description="JGLOBAL_MULTI_COLUMN_ORDER_DESC"
				label="JGLOBAL_MULTI_COLUMN_ORDER_LABEL"
			>
				<option value="">JGLOBAL_USE_GLOBAL</option>
				<option value="0">JGLOBAL_Down</option>
				<option value="1">JGLOBAL_Across</option>
			</field>

			<field name="orderby_pri" type="list"
				description="JGLOBAL_CATEGORY_ORDER_DESC"
				label="JGLOBAL_CATEGORY_ORDER_LABEL"
			>
				<option value="">JGLOBAL_USE_GLOBAL</option>
				<option value="none">JGLOBAL_No_Order</option>
				<option value="alpha">JGLOBAL_Title_Alphabetical</option>
				<option value="ralpha">JGLOBAL_TITLE_REVERSE_ALPHABETICAL</option>
				<option value="order">JGLOBAL_CATEGORY_MANAGER_ORDER</option>
			</field>

			<field name="orderby_sec" type="list"
				description="JGLOBAL_ARTICLE_ORDER_DESC"
				label="JGLOBAL_ARTICLE_ORDER_LABEL"
			>
				<option value="">JGLOBAL_USE_GLOBAL</option>
				<option value="front">COM_CONTENT_FEATURED_ORDER</option>
				<option value="rdate">JGLOBAL_MOST_RECENT_FIRST</option>
				<option value="date">JGLOBAL_OLDEST_FIRST</option>
				<option value="alpha">JGLOBAL_TITLE_ALPHABETICAL</option>
				<option value="ralpha">JGLOBAL_TITLE_REVERSE_ALPHABETICAL</option>
				<option value="author">JGLOBAL_AUTHOR_ALPHABETICAL</option>
				<option value="rauthor">JGLOBAL_AUTHOR_REVERSE_ALPHABETICAL</option>
				<option value="hits">JGLOBAL_MOST_HITS</option>
				<option value="rhits">JGLOBAL_LEAST_HITS</option>
				<option value="order">JGLOBAL_ORDERING</option>
			</field>

			<field name="order_date" type="list"
				description="JGLOBAL_ORDERING_DATE_DESC"
				label="JGLOBAL_ORDERING_DATE_LABEL"
			>
				<option value="">JGLOBAL_USE_GLOBAL</option>
				<option value="created">JGLOBAL_CREATED</option>
				<option value="modified">JGLOBAL_MODIFIED</option>
				<option value="published">JPUBLISHED</option>
			</field>

			<field name="show_pagination" type="list"
				description="JGLOBAL_PAGINATION_DESC"
				label="JGLOBAL_PAGINATION_LABEL"
			>
				<option value="">JGLOBAL_USE_GLOBAL</option>
				<option value="0">JHIDE</option>
				<option value="1">JSHOW</option>
				<option value="2">JGLOBAL_AUTO</option>
			</field>

			<field name="show_noauth" type="list"
				description="JGLOBAL_SHOW_UNAUTH_LINKS_DESC"
				label="JGLOBAL_SHOW_UNAUTH_LINKS_LABEL"
			>
				<option value="">JGLOBAL_USE_GLOBAL</option>
				<option value="0">JNO</option>
				<option value="1">JYES</option>
			</field>
</fieldset>

<fieldset name="article">
			<field name="show_title" type="list"
				description="JGLOBAL_SHOW_TITLE_DESC"
				label="JGLOBAL_SHOW_TITLE_LABEL"
			>
				<option value="">JGLOBAL_USE_GLOBAL</option>
				<option value="use_article">COM_CONTENT_FIELD_VALUE_USE_ARTICLE_SETTINGS</option>
				<option value="0">JHIDE</option>
				<option value="1">JSHOW</option>
			</field>

			<field name="link_titles" type="list"
				description="JGLOBAL_LINKED_TITLES_DESC"
				label="JGLOBAL_LINKED_TITLES_LABEL"
			>
				<option value="">JGLOBAL_USE_GLOBAL</option>
				<option value="use_article">COM_CONTENT_FIELD_VALUE_USE_ARTICLE_SETTINGS</option>
				<option value="0">JNO</option>
				<option value="1">JYES</option>
			</field>

			<field name="show_intro" type="list"
				description="JGLOBAL_SHOW_INTRO_DESC"
				label="JGLOBAL_SHOW_INTRO_LABEL"
			>
				<option value="">JGLOBAL_USE_GLOBAL</option>
				<option value="0">JHIDE</option>
				<option value="1">JSHOW</option>
			</field>

			<field name="show_category" type="list"
				description="JGLOBAL_SHOW_CATEGORY_DESC"
				label="JGLOBAL_SHOW_CATEGORY_LABEL"
			>
				<option value="">JGLOBAL_USE_GLOBAL</option>
				<option value="use_article">COM_CONTENT_FIELD_VALUE_USE_ARTICLE_SETTINGS</option>
				<option value="0">JHIDE</option>
				<option value="1">JSHOW</option>
			</field>

			<field name="link_category" type="list"
				description="JGLOBAL_LINK_CATEGORY_DESC"
				label="JGLOBAL_LINK_CATEGORY_LABEL"
			>
				<option value="">JGLOBAL_USE_GLOBAL</option>
				<option value="use_article">COM_CONTENT_FIELD_VALUE_USE_ARTICLE_SETTINGS</option>
				<option value="0">JNo</option>
				<option value="1">JYes</option>
			</field>

			<field name="show_parent_category" type="list"
				description="JGLOBAL_SHOW_PARENT_CATEGORY_DESC"
				label="JGLOBAL_SHOW_PARENT_CATEGORY_LABEL"
			>
				<option value="">JGLOBAL_USE_GLOBAL</option>
				<option value="use_article">COM_CONTENT_FIELD_VALUE_USE_ARTICLE_SETTINGS</option>
				<option value="0">JHIDE</option>
				<option value="1">JSHOW</option>
			</field>

			<field name="link_parent_category" type="list"
				description="JGLOBAL_LINK_PARENT_CATEGORY_DESC"
				label="JGLOBAL_LINK_PARENT_CATEGORY_LABEL"
			>
				<option value="">JGLOBAL_USE_GLOBAL</option>
				<option value="use_article">COM_CONTENT_FIELD_VALUE_USE_ARTICLE_SETTINGS</option>
				<option value="0">JNo</option>
				<option value="1">JYes</option>
			</field>

			<field name="show_author" type="list"
				description="JGLOBAL_Show_Author_Desc"
				label="JGLOBAL_Show_Author_Label"
			>
				<option value="">JGLOBAL_USE_GLOBAL</option>
				<option value="use_article">COM_CONTENT_FIELD_VALUE_USE_ARTICLE_SETTINGS</option>
				<option value="0">JHIDE</option>
				<option value="1">JSHOW</option>
			</field>

			<field name="link_author" type="list"
				description="JGLOBAL_Link_Author_Desc"
				label="JGLOBAL_Link_Author_Label"
			>
				<option value="">JGLOBAL_USE_GLOBAL</option>
				<option value="use_article">COM_CONTENT_FIELD_VALUE_USE_ARTICLE_SETTINGS</option>
				<option value="0">JHIDE</option>
				<option value="1">JSHOW</option>
			</field>

			<field name="show_create_date" type="list"
				description="JGLOBAL_Show_Create_Date_Desc"
				label="JGLOBAL_Show_Create_Date_Label"
			>
				<option value="">JGLOBAL_USE_GLOBAL</option>
				<option value="use_article">COM_CONTENT_FIELD_VALUE_USE_ARTICLE_SETTINGS</option>
				<option value="0">JHIDE</option>
				<option value="1">JSHOW</option>
			</field>

			<field name="show_modify_date" type="list"
				description="JGLOBAL_SHOW_MODIFY_DATE_DESC"
				label="JGLOBAL_SHOW_MODIFY_DATE_LABEL"
			>
				<option value="">JGLOBAL_USE_GLOBAL</option>
				<option value="use_article">COM_CONTENT_FIELD_VALUE_USE_ARTICLE_SETTINGS</option>
				<option value="0">JHIDE</option>
				<option value="1">JSHOW</option>
			</field>

			<field name="show_publish_date" type="list"
				description="JGLOBAL_Show_Publish_Date_Desc"
				label="JGLOBAL_Show_Publish_Date_Label"
			>
				<option value="">JGLOBAL_USE_GLOBAL</option>
				<option value="use_article">COM_CONTENT_FIELD_VALUE_USE_ARTICLE_SETTINGS</option>
				<option value="0">JHIDE</option>
				<option value="1">JSHOW</option>
			</field>

			<field name="show_item_navigation" type="list"
				description="JGLOBAL_SHOW_NAVIGATION_DESC"
				label="JGLOBAL_SHOW_NAVIGATION_LABEL"
			>
				<option value="">JGLOBAL_USE_GLOBAL</option>
				<option value="0">JHIDE</option>
				<option value="1">JSHOW</option>
			</field>

			<field name="show_readmore" type="list"
				description="JGLOBAL_SHOW_READMORE_DESC"
				label="JGLOBAL_SHOW_READMORE_LABEL"
			>
				<option value="">JGLOBAL_USE_GLOBAL</option>
				<option value="use_article">COM_CONTENT_FIELD_VALUE_USE_ARTICLE_SETTINGS</option>
				<option value="0">JHIDE</option>
				<option value="1">JSHOW</option>
			</field>

			<field name="show_icons" type="list"
				description="JGLOBAL_SHOW_ICONS_DESC"
				label="JGLOBAL_SHOW_ICONS_LABEL"
			>
				<option value="">JGLOBAL_USE_GLOBAL</option>
				<option value="use_article">COM_CONTENT_FIELD_VALUE_USE_ARTICLE_SETTINGS</option>
				<option value="0">JHIDE</option>
				<option value="1">JSHOW</option>
			</field>

			<field name="show_print_icon" type="list"
				description="JGLOBAL_SHOW_PRINT_ICON_DESC"
				label="JGLOBAL_SHOW_PRINT_ICON_LABEL"
			>
				<option value="">JGLOBAL_USE_GLOBAL</option>
				<option value="use_article">COM_CONTENT_FIELD_VALUE_USE_ARTICLE_SETTINGS</option>
				<option value="0">JHIDE</option>
				<option value="1">JSHOW</option>
			</field>

			<field name="show_email_icon" type="list"
				description="JGLOBAL_SHOW_EMAIL_ICON_DESC"
				label="JGLOBAL_SHOW_EMAIL_ICON_LABEL"
			>
				<option value="">JGLOBAL_USE_GLOBAL</option>
				<option value="use_article">COM_CONTENT_FIELD_VALUE_USE_ARTICLE_SETTINGS</option>
				<option value="0">JHIDE</option>
				<option value="1">JSHOW</option>
			</field>

			<field name="show_hits" type="list"
				description="JGLOBAL_SHOW_HITS_DESC"
				label="JGLOBAL_SHOW_HITS_LABEL"
			>
				<option value="">JGLOBAL_USE_GLOBAL</option>
				<option value="use_article">COM_CONTENT_FIELD_VALUE_USE_ARTICLE_SETTINGS</option>
				<option value="0">JHIDE</option>
				<option value="1">JSHOW</option>
			</field>
</fieldset>
		<fieldset name="integration"
		>

			<field name="show_feed_link" type="list"
				description="JGLOBAL_SHOW_FEED_LINK_DESC"
				label="JGLOBAL_SHOW_FEED_LINK_LABEL"
			>
				<option value="">JGLOBAL_USE_GLOBAL</option>
				<option value="0">JHIDE</option>
				<option value="1">JSHOW</option>
			</field>

			<field name="feed_summary" type="list"
				description="JGLOBAL_FEED_SUMMARY_DESC"
				label="JGLOBAL_FEED_SUMMARY_LABEL"
			>
				<option value="">JGLOBAL_USE_GLOBAL</option>
				<option value="0">JGLOBAL_INTRO_TEXT</option>
				<option value="1">JGLOBAL_FULL_TEXT</option>
			</field>
		</fieldset>
</fields>
</metadata>